K值,pearson,cosine
5,17.951027395572225,18.86796734309175
10,17.85738807979068,18.53491198950061
15,17.826180901179743,18.382111411971195
20,17.830162131110114,18.317572883613625
25,17.82422059007793,18.27887167008264
30,17.82642856687325,18.270955513481674
40,17.83886265353873,18.275812503553063
50,17.83667403174559,18.277434164703504
